"3","29","NJNPD00","1C","2","1","12","16","10","13","1","15","1","33","1","34","1","35","2","36","1","37","1","41","1","45","2","46","7","0","0","0","0","0","0","0","0","0","0","0","0","0","0","0","0","0","0","3","29","NJNPD00","1C","2","0","12","605","7","42804","0","Y","0","278906","NEWARK                  ","N J","NA"
"3","29","NJNPD00","1C","2","2","12","16","2","5","1","50","1","0","0","0","0","0","0","0","0","0","0","0","0","0","0","0","0","0","0","0","0","0","0","0","0","0","0","0","0","0","0","0","0","0","0","3","29","NJNPD00","1C","2","0","12","605","7","42804","0","Y","0","278906","NEWARK                  ","N J","NA"
"3","29","NJNPD00","1C","2","4","12","16","9","7","1","10","1","14","1","15","2","19","1","20","1","39","1","45","5","46","3","0","0","0","0","0","0","0","0","0","0","0","0","0","0","0","0","0","0","0","0","3","29","NJNPD00","1C","2","0","12","605","7","42804","0","Y","0","278906","NEWARK                  ","N J","NA"
"3","29","NJNPD00","1C","2","5","12","16","5","10","1","11","1","12","1","14","2","46","5","0","0","0","0","0","0","0","0","0","0","0","0","0","0","0","0","0","0","0","0","0","0","0","0","0","0","0","0","3","29","NJNPD00","1C","2","0","12","605","7","42804","0","Y","0","278906","NEWARK                  ","N J","NA"
"3","29","NJNPD00","1C","2","6","12","16","8","29","1","32","2","33","1","37","2","39","1","40","1","45","5","46","3","0","0","0","0","0","0","0","0","0","0","0","0","0","0","0","0","0","0","0","0","0","0","3","29","NJNPD00","1C","2","0","12","605","7","42804","0","Y","0","278906","NEWARK                  ","N J","NA"
"3","29","NJNPD00","1C","2","7","12","16","18","7","1","9","1","14","1","15","2","17","2","18","2","19","6","20","3","22","1","30","1","36","2","37","3","38","2","39","2","40","1","41","1","45","7","46","24","0","0","3","29","NJNPD00","1C","2","0","12","605","7","42804","0","Y","0","278906","NEWARK                  ","N J","NA"
"3","29","NJNPD00","1C","2","8","12","16","7","5","1","15","1","18","1","27","1","45","2","49","1","50","1","0","0","0","0","0","0","0","0","0","0","0","0","0","0","0","0","0","0","0","0","0","0","0","0","3","29","NJNPD00","1C","2","0","12","605","7","42804","0","Y","0","278906","NEWARK                  ","N J","NA"
"3","29","NJNPD00","1C","2","9","12","16","12","5","1","6","1","14","1","16","1","30","1","35","1","36","1","39","2","40","1","45","2","46","6","50","2","0","0","0","0","0","0","0","0","0","0","0","0","0","0","3","29","NJNPD00","1C","2","0","12","605","7","42804","0","Y","0","278906","NEWARK                  ","N J","NA"
"3","29","NJNPD00","1C","2","10","12","16","2","15","1","46","1","0","0","0","0","0","0","0","0","0","0","0","0","0","0","0","0","0","0","0","0","0","0","0","0","0","0","0","0","0","0","0","0","0","0","3","29","NJNPD00","1C","2","0","12","605","7","42804","0","Y","0","278906","NEWARK                  ","N J","NA"
"3","29","NJNPD00","1C","2","11","12","16","16","10","1","11","2","12","2","13","1","14","1","15","2","34","2","35","1","36","2","37","4","38","6","39","4","40","5","41","2","45","13","46","22","0","0","0","0","0","0","3","29","NJNPD00","1C","2","0","12","605","7","42804","0","Y","0","278906","NEWARK                  ","N J","NA"
"3","29","NJNPD00","1C","2","12","12","16","11","19","1","33","1","35","2","36","1","37","3","38","4","39","7","40","3","41","2","45","10","46","14","0","0","0","0","0","0","0","0","0","0","0","0","0","0","0","0","3","29","NJNPD00","1C","2","0","12","605","7","42804","0","Y","0","278906","NEWARK                  ","N J","NA"
"3","29","NJ001SP","9C","2","1","12","16","4","8","1","34","1","45","1","46","1","0","0","0","0","0","0","0","0","0","0","0","0","0","0","0","0","0","0","0","0","0","0","0","0","0","0","0","0","0","0","3","29","NJ001SP","9C","2","0","12","55","1","70894","1","N","0","15576","SP: ATLANTIC COUNTY     ","N J","NA"
"3","29","NJ001SP","9C","2","5","12","16","2","37","1","46","1","0","0","0","0","0","0","0","0","0","0","0","0","0","0","0","0","0","0","0","0","0","0","0","0","0","0","0","0","0","0","0","0","0","0","3","29","NJ001SP","9C","2","0","12","55","1","70894","1","N","0","15576","SP: ATLANTIC COUNTY     ","N J","NA"
"3","29","NJ001SP","9C","2","6","12","16","2","12","1","45","1","0","0","0","0","0","0","0","0","0","0","0","0","0","0","0","0","0","0","0","0","0","0","0","0","0","0","0","0","0","0","0","0","0","0","3","29","NJ001SP","9C","2","0","12","55","1","70894","1","N","0","15576","SP: ATLANTIC COUNTY     ","N J","NA"
"3","29","NJ001SP","9C","2","12","12","16","2","15","1","45","1","0","0","0","0","0","0","0","0","0","0","0","0","0","0","0","0","0","0","0","0","0","0","0","0","0","0","0","0","0","0","0","0","0","0","3","29","NJ001SP","9C","2","0","12","55","1","70894","1","N","0","15576","SP: ATLANTIC COUNTY     ","N J","NA"
"3","29","NJ00102","4","2","1","12","16","8","8","1","30","1","31","1","34","1","36","3","37","2","45","2","46","7","0","0","0","0","0","0","0","0","0","0","0","0","0","0","0","0","0","0","0","0","0","0","3","29","NJ00102","4","2","0","12","55","1","2388","0","Y","0","39722","ATLANTIC CITY           ","N J","NA"
"3","29","NJ00102","4","2","2","12","16","2","16","1","45","1","0","0","0","0","0","0","0","0","0","0","0","0","0","0","0","0","0","0","0","0","0","0","0","0","0","0","0","0","0","0","0","0","0","0","3","29","NJ00102","4","2","0","12","55","1","2388","0","Y","0","39722","ATLANTIC CITY           ","N J","NA"
"3","29","NJ00102","4","2","3","12","16","19","6","1","8","1","9","1","11","1","12","2","14","2","17","1","18","1","29","1","30","1","32","3","33","1","34","1","36","4","37","3","39","2","45","17","46","8","49","1","3","29","NJ00102","4","2","0","12","55","1","2388","0","Y","0","39722","ATLANTIC CITY           ","N J","NA"
"3","29","NJ00102","4","2","4","12","16","7","30","2","32","1","36","2","38","1","40","1","45","5","46","2","0","0","0","0","0","0","0","0","0","0","0","0","0","0","0","0","0","0","0","0","0","0","0","0","3","29","NJ00102","4","2","0","12","55","1","2388","0","Y","0","39722","ATLANTIC CITY           ","N J","NA"
"3","29","NJ00102","4","2","5","12","16","4","10","2","14","1","45","1","46","2","0","0","0","0","0","0","0","0","0","0","0","0","0","0","0","0","0","0","0","0","0","0","0","0","0","0","0","0","0","0","3","29","NJ00102","4","2","0","12","55","1","2388","0","Y","0","39722","ATLANTIC CITY           ","N J","NA"
"3","29","NJ00102","4","2","6","12","16","19","9","2","12","1","15","1","17","1","18","1","20","1","29","3","30","3","31","3","32","1","33","4","34","3","35","2","36","5","37","2","38","2","39","2","45","18","46","19","3","29","NJ00102","4","2","0","12","55","1","2388","0","Y","0","39722","ATLANTIC CITY           ","N J","NA"
"3","29","NJ00102","4","2","9","12","16","13","19","1","29","1","30","3","31","1","32","3","33","1","34","3","35","1","36","2","38","2","39","1","45","5","46","14","0","0","0","0","0","0","0","0","0","0","0","0","3","29","NJ00102","4","2","0","12","55","1","2388","0","Y","0","39722","ATLANTIC CITY           ","N J","NA"
"3","29","NJ00102","4","2","10","12","16","8","6","1","12","1","30","1","36","5","38","1","45","7","46","1","50","1","0","0","0","0","0","0","0","0","0","0","0","0","0","0","0","0","0","0","0","0","0","0","3","29","NJ00102","4","2","0","12","55","1","2388","0","Y","0","39722","ATLANTIC CITY           ","N J","NA"
"3","29","NJ00102","4","2","11","12","16","2","31","1","46","1","0","0","0","0","0","0","0","0","0","0","0","0","0","0","0","0","0","0","0","0","0","0","0","0","0","0","0","0","0","0","0","0","0","0","3","29","NJ00102","4","2","0","12","55","1","2388","0","Y","0","39722","ATLANTIC CITY           ","N J","NA"
"3","29","NJ00107","6","2","11","12","16","3","37","1","42","1","45","2","0","0","0","0","0","0","0","0","0","0","0","0","0","0","0","0","0","0","0","0","0","0","0","0","0","0","0","0","0","0","0","0","3","29","NJ00107","6","2","0","12","55","1","18282","1","N","0","4261","EGG HARBOR CITY         ","N J","NA"
"3","29","NJ00204","6","2","9","12","16","3","31","1","36","1","45","2","0","0","0","0","0","0","0","0","0","0","0","0","0","0","0","0","0","0","0","0","0","0","0","0","0","0","0","0","0","0","0","0","3","29","NJ00204","6","2","0","12","607","2","5856","1","N","0","8282","BOGOTA                  ","N J","NA"
"3","29","NJ00207","6","2","3","12","16","2","37","1","45","1","0","0","0","0","0","0","0","0","0","0","0","0","0","0","0","0","0","0","0","0","0","0","0","0","0","0","0","0","0","0","0","0","0","0","3","29","NJ00207","6","2","0","12","607","2","12132","1","N","0","8469","CLOSTER                 ","N J","NA"
"3","29","NJ00212","6","2","4","12","16","2","35","1","46","1","0","0","0","0","0","0","0","0","0","0","0","0","0","0","0","0","0","0","0","0","0","0","0","0","0","0","0","0","0","0","0","0","0","0","3","29","NJ00212","6","2","0","12","607","2","17832","1","N","0","9016","EAST RUTHERFORD         ","N J","NA"
"3","29","NJ00217","4","2","8","12","16","4","10","1","31","1","45","1","46","1","0","0","0","0","0","0","0","0","0","0","0","0","0","0","0","0","0","0","0","0","0","0","0","0","0","0","0","0","0","0","3","29","NJ00217","4","2","0","12","607","2","20064","1","N","0","32830","FAIR LAWN               ","N J","NA"
"3","29","NJ00219","4","2","1","12","16","3","30","1","36","1","46","2","0","0","0","0","0","0","0","0","0","0","0","0","0","0","0","0","0","0","0","0","0","0","0","0","0","0","0","0","0","0","0","0","3","29","NJ00219","4","2","0","12","607","2","21450","1","N","0","35754","FORT LEE                ","N J","NA"
"3","29","NJ00219","4","2","2","12","16","3","30","1","38","1","45","2","0","0","0","0","0","0","0","0","0","0","0","0","0","0","0","0","0","0","0","0","0","0","0","0","0","0","0","0","0","0","0","0","3","29","NJ00219","4","2","0","12","607","2","21450","1","N","0","35754","FORT LEE                ","N J","NA"
"3","29","NJ00219","4","2","3","12","16","2","36","1","46","1","0","0","0","0","0","0","0","0","0","0","0","0","0","0","0","0","0","0","0","0","0","0","0","0","0","0","0","0","0","0","0","0","0","0","3","29","NJ00219","4","2","0","12","607","2","21450","1","N","0","35754","FORT LEE                ","N J","NA"
"3","29","NJ00221","4","2","3","12","16","3","38","1","39","1","48","2","0","0","0","0","0","0","0","0","0","0","0","0","0","0","0","0","0","0","0","0","0","0","0","0","0","0","0","0","0","0","0","0","3","29","NJ00221","4","2","0","12","607","2","22752","1","N","0","30838","GARFIELD                ","N J","NA"
"3","29","NJ00223","4","2","3","12","16","2","37","1","48","1","0","0","0","0","0","0","0","0","0","0","0","0","0","0","0","0","0","0","0","0","0","0","0","0","0","0","0","0","0","0","0","0","0","0","3","29","NJ00223","4","2","0","12","607","2","25452","1","N","0","43499","HACKENSACK              ","N J","NA"
"3","29","NJ00223","4","2","4","12","16","2","38","1","45","1","0","0","0","0","0","0","0","0","0","0","0","0","0","0","0","0","0","0","0","0","0","0","0","0","0","0","0","0","0","0","0","0","0","0","3","29","NJ00223","4","2","0","12","607","2","25452","1","N","0","43499","HACKENSACK              ","N J","NA"
"3","29","NJ00223","4","2","5","12","16","5","15","1","30","1","37","1","45","1","46","2","0","0","0","0","0","0","0","0","0","0","0","0","0","0","0","0","0","0","0","0","0","0","0","0","0","0","0","0","3","29","NJ00223","4","2","0","12","607","2","25452","1","N","0","43499","HACKENSACK              ","N J","NA"
"3","29","NJ00224","6","2","3","12","16","2","38","1","47","1","0","0","0","0","0","0","0","0","0","0","0","0","0","0","0","0","0","0","0","0","0","0","0","0","0","0","0","0","0","0","0","0","0","0","3","29","NJ00224","6","2","0","12","607","2","26328","1","N","0","4717","HARRINGTON PARK         ","N J","NA"
"3","29","NJ00225","5","2","3","12","16","2","15","1","45","1","0","0","0","0","0","0","0","0","0","0","0","0","0","0","0","0","0","0","0","0","0","0","0","0","0","0","0","0","0","0","0","0","0","0","3","29","NJ00225","5","2","0","12","607","2","26628","1","N","0","11978","HASBROUCK HEIGHTS       ","N J","NA"
"3","29","NJ00225","5","2","9","12","16","2","34","1","45","1","0","0","0","0","0","0","0","0","0","0","0","0","0","0","0","0","0","0","0","0","0","0","0","0","0","0","0","0","0","0","0","0","0","0","3","29","NJ00225","5","2","0","12","607","2","26628","1","N","0","11978","HASBROUCK HEIGHTS       ","N J","NA"
"3","29","NJ00232","5","2","3","12","16","3","38","1","40","2","48","3","0","0","0","0","0","0","0","0","0","0","0","0","0","0","0","0","0","0","0","0","0","0","0","0","0","0","0","0","0","0","0","0","3","29","NJ00232","5","2","0","12","607","2","36162","1","N","0","20791","LYNDHURST TOWNSHIP      ","N J","NA"
"3","29","NJ00234","6","2","8","12","16","2","37","1","45","1","0","0","0","0","0","0","0","0","0","0","0","0","0","0","0","0","0","0","0","0","0","0","0","0","0","0","0","0","0","0","0","0","0","0","3","29","NJ00234","6","2","0","12","607","2","38298","1","N","0","9665","MAYWOOD                 ","N J","NA"
"3","29","NJ00240","6","2","10","12","16","2","37","1","45","1","0","0","0","0","0","0","0","0","0","0","0","0","0","0","0","0","0","0","0","0","0","0","0","0","0","0","0","0","0","0","0","0","0","0","3","29","NJ00240","6","2","0","12","607","2","44880","1","N","0","4692","NORTHVALE               ","N J","NA"
"3","29","NJ00245","5","2","3","12","16","2","37","1","48","1","0","0","0","0","0","0","0","0","0","0","0","0","0","0","0","0","0","0","0","0","0","0","0","0","0","0","0","0","0","0","0","0","0","0","3","29","NJ00245","5","2","0","12","607","2","47160","1","N","0","19849","PALISADES PARK          ","N J","NA"
"3","29","NJ00246","4","2","3","12","16","13","11","1","16","1","17","2","18","1","20","1","34","1","35","1","37","1","38","2","39","2","45","5","46","3","48","5","0","0","0","0","0","0","0","0","0","0","0","0","3","29","NJ00246","4","2","0","12","607","2","47466","1","N","0","26638","PARAMUS                 ","N J","NA"
"3","29","NJ00252","5","2","11","12","16","2","41","1","47","1","0","0","0","0","0","0","0","0","0","0","0","0","0","0","0","0","0","0","0","0","0","0","0","0","0","0","0","0","0","0","0","0","0","0","3","29","NJ00252","5","2","0","12","607","2","52572","1","N","0","11470","RIVER EDGE              ","N J","NA"
"3","29","NJ00257","5","2","2","12","16","4","22","1","39","1","45","1","48","1","0","0","0","0","0","0","0","0","0","0","0","0","0","0","0","0","0","0","0","0","0","0","0","0","0","0","0","0","0","0","3","29","NJ00257","5","2","0","12","607","2","54114","1","N","0","13816","SADDLE BROOK TOWNSHIP   ","N J","NA"
"3","29","NJ00263","6","2","1","12","16","2","39","1","48","1","0","0","0","0","0","0","0","0","0","0","0","0","0","0","0","0","0","0","0","0","0","0","0","0","0","0","0","0","0","0","0","0","0","0","3","29","NJ00263","6","2","0","12","607","2","63090","1","N","0","8304","UPPER SADDLE RIVER      ","N J","NA"
"3","29","NJ00263","6","2","8","12","16","2","40","1","48","1","0","0","0","0","0","0","0","0","0","0","0","0","0","0","0","0","0","0","0","0","0","0","0","0","0","0","0","0","0","0","0","0","0","0","3","29","NJ00263","6","2","0","12","607","2","63090","1","N","0","8304","UPPER SADDLE RIVER      ","N J","NA"
"3","29","NJ00268","6","2","12","12","16","4","16","1","37","1","45","1","46","1","0","0","0","0","0","0","0","0","0","0","0","0","0","0","0","0","0","0","0","0","0","0","0","0","0","0","0","0","0","0","3","29","NJ00268","6","2","0","12","607","2","68616","1","N","0","5794","WOODCLIFF LAKE          ","N J","NA"
"3","29","NJ00304","5","2","10","12","16","2","16","1","45","1","0","0","0","0","0","0","0","0","0","0","0","0","0","0","0","0","0","0","0","0","0","0","0","0","0","0","0","0","0","0","0","0","0","0","3","29","NJ00304","5","2","0","12","654","3","6060","1","N","0","11444","BORDENTOWN TOWNSHIP     ","N J","NA"
"3","29","NJ00305","6","2","2","12","16","2","17","1","46","1","0","0","0","0","0","0","0","0","0","0","0","0","0","0","0","0","0","0","0","0","0","0","0","0","0","0","0","0","0","0","0","0","0","0","3","29","NJ00305","6","2","0","12","654","3","7890","1","N","0","9989","BURLINGTON              ","N J","NA"
"3","29","NJ00305","6","2","10","12","16","3","19","1","38","1","46","2","0","0","0","0","0","0","0","0","0","0","0","0","0","0","0","0","0","0","0","0","0","0","0","0","0","0","0","0","0","0","0","0","3","29","NJ00305","6","2","0","12","654","3","7890","1","N","0","9989","BURLINGTON              ","N J","NA"
"3","29","NJ00306","5","2","8","12","16","3","12","1","34","1","46","2","0","0","0","0","0","0","0","0","0","0","0","0","0","0","0","0","0","0","0","0","0","0","0","0","0","0","0","0","0","0","0","0","3","29","NJ00306","5","2","0","12","654","3","7932","1","N","0","22746","BURLINGTON TOWNSHIP     ","N J","NA"
"3","29","NJ00306","5","2","9","12","16","2","12","1","46","1","0","0","0","0","0","0","0","0","0","0","0","0","0","0","0","0","0","0","0","0","0","0","0","0","0","0","0","0","0","0","0","0","0","0","3","29","NJ00306","5","2","0","12","654","3","7932","1","N","0","22746","BURLINGTON TOWNSHIP     ","N J","NA"
"3","29","NJ00317","4","2","2","12","16","2","19","1","46","1","0","0","0","0","0","0","0","0","0","0","0","0","0","0","0","0","0","0","0","0","0","0","0","0","0","0","0","0","0","0","0","0","0","0","3","29","NJ00317","4","2","0","12","654","3","67740","1","N","0","31844","WILLINGBORO TOWNSHIP    ","N J","NA"
"3","29","NJ00320","5","2","6","12","16","2","40","1","45","1","0","0","0","0","0","0","0","0","0","0","0","0","0","0","0","0","0","0","0","0","0","0","0","0","0","0","0","0","0","0","0","0","0","0","3","29","NJ00320","5","2","0","12","654","3","37218","1","N","0","19261","MAPLE SHADE TOWNSHIP    ","N J","NA"
"3","29","NJ00320","5","2","7","12","16","2","40","1","48","1","0","0","0","0","0","0","0","0","0","0","0","0","0","0","0","0","0","0","0","0","0","0","0","0","0","0","0","0","0","0","0","0","0","0","3","29","NJ00320","5","2","0","12","654","3","37218","1","N","0","19261","MAPLE SHADE TOWNSHIP    ","N J","NA"
"3","29","NJ00320","5","2","10","12","16","2","15","1","46","1","0","0","0","0","0","0","0","0","0","0","0","0","0","0","0","0","0","0","0","0","0","0","0","0","0","0","0","0","0","0","0","0","0","0","3","29","NJ00320","5","2","0","12","654","3","37218","1","N","0","19261","MAPLE SHADE TOWNSHIP    ","N J","NA"
"3","29","NJ00325","4","2","1","12","16","2","36","1","45","1","0","0","0","0","0","0","0","0","0","0","0","0","0","0","0","0","0","0","0","0","0","0","0","0","0","0","0","0","0","0","0","0","0","0","3","29","NJ00325","4","2","0","12","654","3","41748","1","N","0","42150","MOUNT LAUREL TOWNSHIP   ","N J","NA"
"3","29","NJ00325","4","2","2","12","16","2","31","1","46","1","0","0","0","0","0","0","0","0","0","0","0","0","0","0","0","0","0","0","0","0","0","0","0","0","0","0","0","0","0","0","0","0","0","0","3","29","NJ00325","4","2","0","12","654","3","41748","1","N","0","42150","MOUNT LAUREL TOWNSHIP   ","N J","NA"
"3","29","NJ00325","4","2","3","12","16","2","37","1","45","1","0","0","0","0","0","0","0","0","0","0","0","0","0","0","0","0","0","0","0","0","0","0","0","0","0","0","0","0","0","0","0","0","0","0","3","29","NJ00325","4","2","0","12","654","3","41748","1","N","0","42150","MOUNT LAUREL TOWNSHIP   ","N J","NA"
"3","29","NJ00325","4","2","4","12","16","2","37","1","45","1","0","0","0","0","0","0","0","0","0","0","0","0","0","0","0","0","0","0","0","0","0","0","0","0","0","0","0","0","0","0","0","0","0","0","3","29","NJ00325","4","2","0","12","654","3","41748","1","N","0","42150","MOUNT LAUREL TOWNSHIP   ","N J","NA"
"3","29","NJ00325","4","2","6","12","16","8","9","1","18","2","31","1","32","1","37","1","39","1","45","5","46","2","0","0","0","0","0","0","0","0","0","0","0","0","0","0","0","0","0","0","0","0","0","0","3","29","NJ00325","4","2","0","12","654","3","41748","1","N","0","42150","MOUNT LAUREL TOWNSHIP   ","N J","NA"
"3","29","NJ00325","4","2","7","12","16","10","14","1","15","6","16","5","17","4","19","2","20","4","37","1","45","15","46","1","48","7","0","0","0","0","0","0","0","0","0","0","0","0","0","0","0","0","0","0","3","29","NJ00325","4","2","0","12","654","3","41748","1","N","0","42150","MOUNT LAUREL TOWNSHIP   ","N J","NA"
"3","29","NJ00325","4","2","8","12","16","5","14","2","33","2","36","1","45","3","46","2","0","0","0","0","0","0","0","0","0","0","0","0","0","0","0","0","0","0","0","0","0","0","0","0","0","0","0","0","3","29","NJ00325","4","2","0","12","654","3","41748","1","N","0","42150","MOUNT LAUREL TOWNSHIP   ","N J","NA"
"3","29","NJ00325","4","2","9","12","16","2","31","1","45","1","0","0","0","0","0","0","0","0","0","0","0","0","0","0","0","0","0","0","0","0","0","0","0","0","0","0","0","0","0","0","0","0","0","0","3","29","NJ00325","4","2","0","12","654","3","41748","1","N","0","42150","MOUNT LAUREL TOWNSHIP   ","N J","NA"
"3","29","NJ00325","4","2","10","12","16","8","14","1","20","1","33","3","34","1","37","1","45","2","46","4","48","1","0","0","0","0","0","0","0","0","0","0","0","0","0","0","0","0","0","0","0","0","0","0","3","29","NJ00325","4","2","0","12","654","3","41748","1","N","0","42150","MOUNT LAUREL TOWNSHIP   ","N J","NA"
"3","29","NJ00325","4","2","11","12","16","4","34","1","36","2","45","2","46","1","0","0","0","0","0","0","0","0","0","0","0","0","0","0","0","0","0","0","0","0","0","0","0","0","0","0","0","0","0","0","3","29","NJ00325","4","2","0","12","654","3","41748","1","N","0","42150","MOUNT LAUREL TOWNSHIP   ","N J","NA"
"3","29","NJ00325","4","2","12","12","16","7","20","1","32","1","34","1","36","1","37","3","40","1","45","8","0","0","0","0","0","0","0","0","0","0","0","0","0","0","0","0","0","0","0","0","0","0","0","0","3","29","NJ00325","4","2","0","12","654","3","41748","1","N","0","42150","MOUNT LAUREL TOWNSHIP   ","N J","NA"
"3","29","NJ00404","5","2","4","12","16","8","14","2","19","1","33","1","36","2","37","1","40","1","45","7","46","1","0","0","0","0","0","0","0","0","0","0","0","0","0","0","0","0","0","0","0","0","0","0","3","29","NJ00404","5","2","0","12","654","4","4290","1","N","0","11629","BELLMAWR                ","N J","NA"
"3","29","NJ00408","3","2","1","12","16","2","37","1","45","1","0","0","0","0","0","0","0","0","0","0","0","0","0","0","0","0","0","0","0","0","0","0","0","0","0","0","0","0","0","0","0","0","0","0","3","29","NJ00408","3","2","0","12","654","4","8592","0","Y","0","77665","CAMDEN                  ","N J","NA"
"3","29","NJ00408","3","2","2","12","16","3","35","1","37","1","45","2","0","0","0","0","0","0","0","0","0","0","0","0","0","0","0","0","0","0","0","0","0","0","0","0","0","0","0","0","0","0","0","0","3","29","NJ00408","3","2","0","12","654","4","8592","0","Y","0","77665","CAMDEN                  ","N J","NA"
"3","29","NJ00408","3","2","3","12","16","2","37","1","46","1","0","0","0","0","0","0","0","0","0","0","0","0","0","0","0","0","0","0","0","0","0","0","0","0","0","0","0","0","0","0","0","0","0","0","3","29","NJ00408","3","2","0","12","654","4","8592","0","Y","0","77665","CAMDEN                  ","N J","NA"
"3","29","NJ00408","3","2","4","12","16","6","36","3","37","1","38","3","42","1","45","5","46","3","0","0","0","0","0","0","0","0","0","0","0","0","0","0","0","0","0","0","0","0","0","0","0","0","0","0","3","29","NJ00408","3","2","0","12","654","4","8592","0","Y","0","77665","CAMDEN                  ","N J","NA"
"3","29","NJ00408","3","2","5","12","16","8","34","2","36","3","37","1","38","3","39","1","40","1","45","7","46","4","0","0","0","0","0","0","0","0","0","0","0","0","0","0","0","0","0","0","0","0","0","0","3","29","NJ00408","3","2","0","12","654","4","8592","0","Y","0","77665","CAMDEN                  ","N J","NA"
"3","29","NJ00408","3","2","6","12","16","5","35","1","37","2","38","2","45","3","46","2","0","0","0","0","0","0","0","0","0","0","0","0","0","0","0","0","0","0","0","0","0","0","0","0","0","0","0","0","3","29","NJ00408","3","2","0","12","654","4","8592","0","Y","0","77665","CAMDEN                  ","N J","NA"
"3","29","NJ00408","3","2","7","12","16","3","35","1","37","1","45","2","0","0","0","0","0","0","0","0","0","0","0","0","0","0","0","0","0","0","0","0","0","0","0","0","0","0","0","0","0","0","0","0","3","29","NJ00408","3","2","0","12","654","4","8592","0","Y","0","77665","CAMDEN                  ","N J","NA"
"3","29","NJ00408","3","2","8","12","16","2","35","1","45","1","0","0","0","0","0","0","0","0","0","0","0","0","0","0","0","0","0","0","0","0","0","0","0","0","0","0","0","0","0","0","0","0","0","0","3","29","NJ00408","3","2","0","12","654","4","8592","0","Y","0","77665","CAMDEN                  ","N J","NA"
"3","29","NJ00408","3","2","9","12","16","2","38","1","45","1","0","0","0","0","0","0","0","0","0","0","0","0","0","0","0","0","0","0","0","0","0","0","0","0","0","0","0","0","0","0","0","0","0","0","3","29","NJ00408","3","2","0","12","654","4","8592","0","Y","0","77665","CAMDEN                  ","N J","NA"
"3","29","NJ00408","3","2","12","12","16","2","36","1","45","1","0","0","0","0","0","0","0","0","0","0","0","0","0","0","0","0","0","0","0","0","0","0","0","0","0","0","0","0","0","0","0","0","0","0","3","29","NJ00408","3","2","0","12","654","4","8592","0","Y","0","77665","CAMDEN                  ","N J","NA"
"3","29","NJ00411","5","2","3","12","16","3","16","1","38","1","45","2","0","0","0","0","0","0","0","0","0","0","0","0","0","0","0","0","0","0","0","0","0","0","0","0","0","0","0","0","0","0","0","0","3","29","NJ00411","5","2","0","12","654","4","12654","1","N","0","13983","COLLINGSWOOD            ","N J","NA"
"3","29","NJ00412","3","2","1","12","16","2","15","1","45","1","0","0","0","0","0","0","0","0","0","0","0","0","0","0","0","0","0","0","0","0","0","0","0","0","0","0","0","0","0","0","0","0","0","0","3","29","NJ00412","3","2","0","12","654","4","10722","1","N","0","71337","CHERRY HILL TOWNSHIP    ","N J","NA"
"3","29","NJ00412","3","2","4","12","16","6","10","1","15","1","16","1","36","1","45","3","46","1","0","0","0","0","0","0","0","0","0","0","0","0","0","0","0","0","0","0","0","0","0","0","0","0","0","0","3","29","NJ00412","3","2","0","12","654","4","10722","1","N","0","71337","CHERRY HILL TOWNSHIP    ","N J","NA"
"3","29","NJ00412","3","2","9","12","16","5","16","1","30","1","36","1","45","2","46","1","0","0","0","0","0","0","0","0","0","0","0","0","0","0","0","0","0","0","0","0","0","0","0","0","0","0","0","0","3","29","NJ00412","3","2","0","12","654","4","10722","1","N","0","71337","CHERRY HILL TOWNSHIP    ","N J","NA"
"3","29","NJ00412","3","2","10","12","16","2","15","1","45","1","0","0","0","0","0","0","0","0","0","0","0","0","0","0","0","0","0","0","0","0","0","0","0","0","0","0","0","0","0","0","0","0","0","0","3","29","NJ00412","3","2","0","12","654","4","10722","1","N","0","71337","CHERRY HILL TOWNSHIP    ","N J","NA"
"3","29","NJ00412","3","2","11","12","16","2","31","1","45","1","0","0","0","0","0","0","0","0","0","0","0","0","0","0","0","0","0","0","0","0","0","0","0","0","0","0","0","0","0","0","0","0","0","0","3","29","NJ00412","3","2","0","12","654","4","10722","1","N","0","71337","CHERRY HILL TOWNSHIP    ","N J","NA"
"3","29","NJ00414","5","2","2","12","16","4","22","1","42","1","45","1","46","1","0","0","0","0","0","0","0","0","0","0","0","0","0","0","0","0","0","0","0","0","0","0","0","0","0","0","0","0","0","0","3","29","NJ00414","5","2","0","12","654","4","23724","1","N","0","11501","GLOUCESTER CITY         ","N J","NA"
"3","29","NJ00414","5","2","4","12","16","4","34","1","35","1","38","1","45","3","0","0","0","0","0","0","0","0","0","0","0","0","0","0","0","0","0","0","0","0","0","0","0","0","0","0","0","0","0","0","3","29","NJ00414","5","2","0","12","654","4","23724","1","N","0","11501","GLOUCESTER CITY         ","N J","NA"
"3","29","NJ00415","3","2","3","12","16","2","14","1","48","1","0","0","0","0","0","0","0","0","0","0","0","0","0","0","0","0","0","0","0","0","0","0","0","0","0","0","0","0","0","0","0","0","0","0","3","29","NJ00415","3","2","0","12","654","4","23730","1","N","0","64898","GLOUCESTER TOWNSHIP     ","N J","NA"
"3","29","NJ00415","3","2","4","12","16","2","4","1","50","1","0","0","0","0","0","0","0","0","0","0","0","0","0","0","0","0","0","0","0","0","0","0","0","0","0","0","0","0","0","0","0","0","0","0","3","29","NJ00415","3","2","0","12","654","4","23730","1","N","0","64898","GLOUCESTER TOWNSHIP     ","N J","NA"
"3","29","NJ00415","3","2","5","12","16","2","3","1","50","1","0","0","0","0","0","0","0","0","0","0","0","0","0","0","0","0","0","0","0","0","0","0","0","0","0","0","0","0","0","0","0","0","0","0","3","29","NJ00415","3","2","0","12","654","4","23730","1","N","0","64898","GLOUCESTER TOWNSHIP     ","N J","NA"
"3","29","NJ00415","3","2","8","12","16","5","16","1","31","1","36","1","45","1","46","2","0","0","0","0","0","0","0","0","0","0","0","0","0","0","0","0","0","0","0","0","0","0","0","0","0","0","0","0","3","29","NJ00415","3","2","0","12","654","4","23730","1","N","0","64898","GLOUCESTER TOWNSHIP     ","N J","NA"
"3","29","NJ00415","3","2","12","12","16","3","18","1","36","1","45","2","0","0","0","0","0","0","0","0","0","0","0","0","0","0","0","0","0","0","0","0","0","0","0","0","0","0","0","0","0","0","0","0","3","29","NJ00415","3","2","0","12","654","4","23730","1","N","0","64898","GLOUCESTER TOWNSHIP     ","N J","NA"
"3","29","NJ00422","5","2","4","12","16","5","10","1","37","1","38","1","45","2","46","1","0","0","0","0","0","0","0","0","0","0","0","0","0","0","0","0","0","0","0","0","0","0","0","0","0","0","0","0","3","29","NJ00422","5","2","0","12","654","4","34650","1","N","0","17685","LINDENWOLD              ","N J","NA"
"3","29","NJ00422","5","2","7","12","16","3","32","1","36","1","45","2","0","0","0","0","0","0","0","0","0","0","0","0","0","0","0","0","0","0","0","0","0","0","0","0","0","0","0","0","0","0","0","0","3","29","NJ00422","5","2","0","12","654","4","34650","1","N","0","17685","LINDENWOLD              ","N J","NA"
"3","29","NJ00428","5","2","6","12","16","3","13","1","40","1","45","2","0","0","0","0","0","0","0","0","0","0","0","0","0","0","0","0","0","0","0","0","0","0","0","0","0","0","0","0","0","0","0","0","3","29","NJ00428","5","2","0","12","654","4","49128","1","N","0","10273","PINE HILL               ","N J","NA"
"3","29","NJ00430","6","2","1","12","16","2","39","1","45","1","0","0","0","0","0","0","0","0","0","0","0","0","0","0","0","0","0","0","0","0","0","0","0","0","0","0","0","0","0","0","0","0","0","0","3","29","NJ00430","6","2","0","12","654","4","53874","1","N","0","8504","RUNNEMEDE               ","N J","NA"
"3","29","NJ00432","6","2","1","12","16","5","39","1","40","1","41","1","42","1","48","4","0","0","0","0","0","0","0","0","0","0","0","0","0","0","0","0","0","0","0","0","0","0","0","0","0","0","0","0","3","29","NJ00432","6","2","0","12","654","4","59910","1","N","0","7070","STRATFORD               ","N J","NA"
"3","29","NJ00432","6","2","2","12","16","4","18","1","20","1","45","1","48","1","0","0","0","0","0","0","0","0","0","0","0","0","0","0","0","0","0","0","0","0","0","0","0","0","0","0","0","0","0","0","3","29","NJ00432","6","2","0","12","654","4","59910","1","N","0","7070","STRATFORD               ","N J","NA"
"3","29","NJ00434","4","2","7","12","16","4","42","2","43","1","45","1","48","2","0","0","0","0","0","0","0","0","0","0","0","0","0","0","0","0","0","0","0","0","0","0","0","0","0","0","0","0","0","0","3","29","NJ00434","4","2","0","12","654","4","64062","1","N","0","29251","VOORHEES TOWNSHIP       ","N J","NA"
"3","29","NJ00600","9D","2","1","12","16","2","16","1","45","1","0","0","0","0","0","0","0","0","0","0","0","0","0","0","0","0","0","0","0","0","0","0","0","0","0","0","0","0","0","0","0","0","0","0","3","29","NJ00600","9D","2","0","12","927","6","73861","1","N","0","0","CUMBERLAND              ","N J","NA"
"3","29","NJ00601","4","2","3","12","16","4","15","1","19","1","45","1","46","1","0","0","0","0","0","0","0","0","0","0","0","0","0","0","0","0","0","0","0","0","0","0","0","0","0","0","0","0","0","0","3","29","NJ00601","4","2","0","12","927","6","6816","0","Y","0","25378","BRIDGETON               ","N J","NA"
"3","29","NJ00601","4","2","12","12","16","7","14","1","15","1","37","1","39","1","40","1","45","2","46","3","0","0","0","0","0","0","0","0","0","0","0","0","0","0","0","0","0","0","0","0","0","0","0","0","3","29","NJ00601","4","2","0","12","927","6","6816","0","Y","0","25378","BRIDGETON               ","N J","NA"
"3","29","NJ00610","4","2","1","12","16","4","15","1","36","1","45","1","46","1","0","0","0","0","0","0","0","0","0","0","0","0","0","0","0","0","0","0","0","0","0","0","0","0","0","0","0","0","0","0","3","29","NJ00610","4","2","0","12","927","6","40038","1","N","0","28651","MILLVILLE               ","N J","NA"
"3","29","NJ00610","4","2","4","12","16","7","18","1","36","1","37","2","38","1","41","1","45","5","46","1","0","0","0","0","0","0","0","0","0","0","0","0","0","0","0","0","0","0","0","0","0","0","0","0","3","29","NJ00610","4","2","0","12","927","6","40038","1","N","0","28651","MILLVILLE               ","N J","NA"
"3","29","NJ00610","4","2","5","12","16","3","19","1","30","1","45","2","0","0","0","0","0","0","0","0","0","0","0","0","0","0","0","0","0","0","0","0","0","0","0","0","0","0","0","0","0","0","0","0","3","29","NJ00610","4","2","0","12","927","6","40038","1","N","0","28651","MILLVILLE               ","N J","NA"
"3","29","NJ00610","4","2","6","12","16","12","11","1","15","1","16","2","18","1","20","3","21","1","22","1","34","1","36","2","38","1","45","10","46","4","0","0","0","0","0","0","0","0","0","0","0","0","0","0","3","29","NJ00610","4","2","0","12","927","6","40038","1","N","0","28651","MILLVILLE               ","N J","NA"
"3","29","NJ00610","4","2","10","12","16","3","20","1","38","1","45","2","0","0","0","0","0","0","0","0","0","0","0","0","0","0","0","0","0","0","0","0","0","0","0","0","0","0","0","0","0","0","0","0","3","29","NJ00610","4","2","0","12","927","6","40038","1","N","0","28651","MILLVILLE               ","N J","NA"
"3","29","NJ00610","4","2","12","12","16","3","7","1","38","1","45","2","0","0","0","0","0","0","0","0","0","0","0","0","0","0","0","0","0","0","0","0","0","0","0","0","0","0","0","0","0","0","0","0","3","29","NJ00610","4","2","0","12","927","6","40038","1","N","0","28651","MILLVILLE               ","N J","NA"
"3","29","NJ00614","3","2","1","12","16","2","21","1","45","1","0","0","0","0","0","0","0","0","0","0","0","0","0","0","0","0","0","0","0","0","0","0","0","0","0","0","0","0","0","0","0","0","0","0","3","29","NJ00614","3","2","0","12","927","6","63942","0","Y","0","61252","VINELAND                ","N J","NA"
"3","29","NJ00614","3","2","8","12","16","2","38","1","45","1","0","0","0","0","0","0","0","0","0","0","0","0","0","0","0","0","0","0","0","0","0","0","0","0","0","0","0","0","0","0","0","0","0","0","3","29","NJ00614","3","2","0","12","927","6","63942","0","Y","0","61252","VINELAND                ","N J","NA"
"3","29","NJ00700","9D","2","5","12","16","4","20","1","35","1","45","1","46","1","0","0","0","0","0","0","0","0","0","0","0","0","0","0","0","0","0","0","0","0","0","0","0","0","0","0","0","0","0","0","3","29","NJ00700","9D","2","0","12","605","7","75214","1","N","0","0","ESSEX                   ","N J","NA"
"3","29","NJ00704","6","2","10","12","16","9","10","1","30","1","37","1","38","1","40","1","45","1","46","2","47","1","48","1","0","0","0","0","0","0","0","0","0","0","0","0","0","0","0","0","0","0","0","0","3","29","NJ00704","6","2","0","12","605","7","20001","1","N","0","7515","FAIRFIELD TOWNSHIP      ","N J","NA"
"3","29","NJ00706","3","2","1","12","16","4","12","1","38","1","39","2","46","4","0","0","0","0","0","0","0","0","0","0","0","0","0","0","0","0","0","0","0","0","0","0","0","0","0","0","0","0","0","0","3","29","NJ00706","3","2","0","12","605","7","17730","1","N","0","64682","EAST ORANGE             ","N J","NA"
"3","29","NJ00706","3","2","2","12","16","4","14","1","15","3","17","1","46","5","0","0","0","0","0","0","0","0","0","0","0","0","0","0","0","0","0","0","0","0","0","0","0","0","0","0","0","0","0","0","3","29","NJ00706","3","2","0","12","605","7","17730","1","N","0","64682","EAST ORANGE             ","N J","NA"
"3","29","NJ00706","3","2","3","12","16","4","14","1","36","1","40","1","46","3","0","0","0","0","0","0","0","0","0","0","0","0","0","0","0","0","0","0","0","0","0","0","0","0","0","0","0","0","0","0","3","29","NJ00706","3","2","0","12","605","7","17730","1","N","0","64682","EAST ORANGE             ","N J","NA"
"3","29","NJ00706","3","2","9","12","16","4","32","1","40","1","43","1","46","3","0","0","0","0","0","0","0","0","0","0","0","0","0","0","0","0","0","0","0","0","0","0","0","0","0","0","0","0","0","0","3","29","NJ00706","3","2","0","12","605","7","17730","1","N","0","64682","EAST ORANGE             ","N J","NA"
"3","29","NJ00706","3","2","10","12","16","3","38","1","39","1","46","2","0","0","0","0","0","0","0","0","0","0","0","0","0","0","0","0","0","0","0","0","0","0","0","0","0","0","0","0","0","0","0","0","3","29","NJ00706","3","2","0","12","605","7","17730","1","N","0","64682","EAST ORANGE             ","N J","NA"
"3","29","NJ00706","3","2","11","12","16","3","38","1","39","1","46","2","0","0","0","0","0","0","0","0","0","0","0","0","0","0","0","0","0","0","0","0","0","0","0","0","0","0","0","0","0","0","0","0","3","29","NJ00706","3","2","0","12","605","7","17730","1","N","0","64682","EAST ORANGE             ","N J","NA"
"3","29","NJ00706","3","2","12","12","16","5","15","1","20","1","40","1","45","1","46","2","0","0","0","0","0","0","0","0","0","0","0","0","0","0","0","0","0","0","0","0","0","0","0","0","0","0","0","0","3","29","NJ00706","3","2","0","12","605","7","17730","1","N","0","64682","EAST ORANGE             ","N J","NA"
"3","29","NJ00713","4","2","11","12","16","3","38","1","40","1","48","2","0","0","0","0","0","0","0","0","0","0","0","0","0","0","0","0","0","0","0","0","0","0","0","0","0","0","0","0","0","0","0","0","3","29","NJ00713","4","2","0","12","605","7","40680","1","N","0","37912","MONTCLAIR               ","N J","NA"
"3","29","NJ00717","4","2","1","12","16","4","11","1","16","1","17","1","46","3","0","0","0","0","0","0","0","0","0","0","0","0","0","0","0","0","0","0","0","0","0","0","0","0","0","0","0","0","0","0","3","29","NJ00717","4","2","0","12","605","7","46284","1","N","0","30329","ORANGE                  ","N J","NA"
"3","29","NJ00717","4","2","3","12","16","2","18","1","46","1","0","0","0","0","0","0","0","0","0","0","0","0","0","0","0","0","0","0","0","0","0","0","0","0","0","0","0","0","0","0","0","0","0","0","3","29","NJ00717","4","2","0","12","605","7","46284","1","N","0","30329","ORANGE                  ","N J","NA"
"3","29","NJ00717","4","2","4","12","16","2","41","1","46","1","0","0","0","0","0","0","0","0","0","0","0","0","0","0","0","0","0","0","0","0","0","0","0","0","0","0","0","0","0","0","0","0","0","0","3","29","NJ00717","4","2","0","12","605","7","46284","1","N","0","30329","ORANGE                  ","N J","NA"
"3","29","NJ00717","4","2","6","12","16","9","9","1","16","1","36","1","37","1","38","2","39","2","40","1","45","2","46","7","0","0","0","0","0","0","0","0","0","0","0","0","0","0","0","0","0","0","0","0","3","29","NJ00717","4","2","0","12","605","7","46284","1","N","0","30329","ORANGE                  ","N J","NA"
"3","29","NJ00717","4","2","8","12","16","2","37","1","46","1","0","0","0","0","0","0","0","0","0","0","0","0","0","0","0","0","0","0","0","0","0","0","0","0","0","0","0","0","0","0","0","0","0","0","3","29","NJ00717","4","2","0","12","605","7","46284","1","N","0","30329","ORANGE                  ","N J","NA"
"3","29","NJ00722","4","2","10","12","16","2","40","1","45","1","0","0","0","0","0","0","0","0","0","0","0","0","0","0","0","0","0","0","0","0","0","0","0","0","0","0","0","0","0","0","0","0","0","0","3","29","NJ00722","4","2","0","12","605","7","66678","1","N","0","46505","WEST ORANGE             ","N J","NA"
"3","29","NJ00802","4","2","12","12","16","2","14","1","45","1","0","0","0","0","0","0","0","0","0","0","0","0","0","0","0","0","0","0","0","0","0","0","0","0","0","0","0","0","0","0","0","0","0","0","3","29","NJ00802","4","2","0","12","654","8","15882","1","N","0","30800","DEPTFORD TOWNSHIP       ","N J","NA"
"3","29","NJ00816","6","2","2","12","16","3","17","1","36","1","45","2","0","0","0","0","0","0","0","0","0","0","0","0","0","0","0","0","0","0","0","0","0","0","0","0","0","0","0","0","0","0","0","0","3","29","NJ00816","6","2","0","12","654","8","58260","1","N","0","3188","SOUTH HARRISON TOWNSHIP ","N J","NA"
"3","29","NJ00820","5","2","11","12","16","3","17","1","36","1","45","2","0","0","0","0","0","0","0","0","0","0","0","0","0","0","0","0","0","0","0","0","0","0","0","0","0","0","0","0","0","0","0","0","3","29","NJ00820","5","2","0","12","654","8","66132","1","N","0","21847","WEST DEPTFORD TOWNSHIP  ","N J","NA"
"3","29","NJ00821","6","2","5","12","16","3","14","1","20","1","45","2","0","0","0","0","0","0","0","0","0","0","0","0","0","0","0","0","0","0","0","0","0","0","0","0","0","0","0","0","0","0","0","0","3","29","NJ00821","6","2","0","12","654","8","66918","1","N","0","4322","WESTVILLE               ","N J","NA"
"3","29","NJ00901","3","2","10","12","16","2","41","1","48","1","0","0","0","0","0","0","0","0","0","0","0","0","0","0","0","0","0","0","0","0","0","0","0","0","0","0","0","0","0","0","0","0","0","0","3","29","NJ00901","3","2","0","12","607","9","3660","1","N","0","64036","BAYONNE                 ","N J","NA"
"3","29","NJ00903","5","2","1","12","16","7","13","1","14","1","15","1","20","1","37","1","39","2","45","7","0","0","0","0","0","0","0","0","0","0","0","0","0","0","0","0","0","0","0","0","0","0","0","0","3","29","NJ00903","5","2","0","12","607","9","25428","1","N","0","11355","GUTTENBERG              ","N J","NA"
"3","29","NJ00906","1C","2","1","12","16","2","33","1","45","1","0","0","0","0","0","0","0","0","0","0","0","0","0","0","0","0","0","0","0","0","0","0","0","0","0","0","0","0","0","0","0","0","0","0","3","29","NJ00906","1C","2","0","12","607","9","30558","0","Y","0","251554","JERSEY CITY             ","N J","NA"
"3","29","NJ00906","1C","2","2","12","16","3","39","1","41","1","48","2","0","0","0","0","0","0","0","0","0","0","0","0","0","0","0","0","0","0","0","0","0","0","0","0","0","0","0","0","0","0","0","0","3","29","NJ00906","1C","2","0","12","607","9","30558","0","Y","0","251554","JERSEY CITY             ","N J","NA"
"3","29","NJ00906","1C","2","5","12","16","2","35","1","45","1","0","0","0","0","0","0","0","0","0","0","0","0","0","0","0","0","0","0","0","0","0","0","0","0","0","0","0","0","0","0","0","0","0","0","3","29","NJ00906","1C","2","0","12","607","9","30558","0","Y","0","251554","JERSEY CITY             ","N J","NA"
"3","29","NJ00906","1C","2","7","12","16","7","18","1","31","1","34","2","36","1","38","1","45","5","46","1","0","0","0","0","0","0","0","0","0","0","0","0","0","0","0","0","0","0","0","0","0","0","0","0","3","29","NJ00906","1C","2","0","12","607","9","30558","0","Y","0","251554","JERSEY CITY             ","N J","NA"
"3","29","NJ00906","1C","2","8","12","16","7","29","1","30","1","35","1","36","2","45","1","46","3","48","1","0","0","0","0","0","0","0","0","0","0","0","0","0","0","0","0","0","0","0","0","0","0","0","0","3","29","NJ00906","1C","2","0","12","607","9","30558","0","Y","0","251554","JERSEY CITY             ","N J","NA"
"3","29","NJ00906","1C","2","9","12","16","6","17","1","30","3","31","1","36","1","45","2","46","4","0","0","0","0","0","0","0","0","0","0","0","0","0","0","0","0","0","0","0","0","0","0","0","0","0","0","3","29","NJ00906","1C","2","0","12","607","9","30558","0","Y","0","251554","JERSEY CITY             ","N J","NA"
"3","29","NJ00906","1C","2","10","12","16","5","11","1","14","1","32","1","45","1","46","2","0","0","0","0","0","0","0","0","0","0","0","0","0","0","0","0","0","0","0","0","0","0","0","0","0","0","0","0","3","29","NJ00906","1C","2","0","12","607","9","30558","0","Y","0","251554","JERSEY CITY             ","N J","NA"
"3","29","NJ00907","4","2","2","12","16","4","35","1","36","1","38","1","45","3","0","0","0","0","0","0","0","0","0","0","0","0","0","0","0","0","0","0","0","0","0","0","0","0","0","0","0","0","0","0","3","29","NJ00907","4","2","0","12","607","9","31098","1","N","0","41310","KEARNY                  ","N J","NA"
"3","29","NJ00907","4","2","9","12","16","4","38","1","39","1","45","1","48","1","0","0","0","0","0","0","0","0","0","0","0","0","0","0","0","0","0","0","0","0","0","0","0","0","0","0","0","0","0","0","3","29","NJ00907","4","2","0","12","607","9","31098","1","N","0","41310","KEARNY                  ","N J","NA"
"3","29","NJ00907","4","2","10","12","16","2","36","1","45","1","0","0","0","0","0","0","0","0","0","0","0","0","0","0","0","0","0","0","0","0","0","0","0","0","0","0","0","0","0","0","0","0","0","0","3","29","NJ00907","4","2","0","12","607","9","31098","1","N","0","41310","KEARNY                  ","N J","NA"
"3","29","NJ00908","3","2","2","12","16","4","39","2","41","1","43","1","48","4","0","0","0","0","0","0","0","0","0","0","0","0","0","0","0","0","0","0","0","0","0","0","0","0","0","0","0","0","0","0","3","29","NJ00908","3","2","0","12","607","9","44250","1","N","0","61747","NORTH BERGEN TOWNSHIP   ","N J","NA"
"3","29","NJ00909","5","2","5","12","16","2","33","1","46","1","0","0","0","0","0","0","0","0","0","0","0","0","0","0","0","0","0","0","0","0","0","0","0","0","0","0","0","0","0","0","0","0","0","0","3","29","NJ00909","5","2","0","12","607","9","56094","1","N","0","16517","SECAUCUS                ","N J","NA"
"3","29","NJ00909","5","2","6","12","16","6","30","1","33","1","35","1","36","1","45","3","46","1","0","0","0","0","0","0","0","0","0","0","0","0","0","0","0","0","0","0","0","0","0","0","0","0","0","0","3","29","NJ00909","5","2","0","12","607","9","56094","1","N","0","16517","SECAUCUS                ","N J","NA"
"3","29","NJ00910","3","2","3","12","16","3","19","1","37","1","45","2","0","0","0","0","0","0","0","0","0","0","0","0","0","0","0","0","0","0","0","0","0","0","0","0","0","0","0","0","0","0","0","0","3","29","NJ00910","3","2","0","12","607","9","62778","1","N","0","67518","UNION CITY              ","N J","NA"
"3","29","NJ00910","3","2","4","12","16","4","16","1","36","1","38","1","45","3","0","0","0","0","0","0","0","0","0","0","0","0","0","0","0","0","0","0","0","0","0","0","0","0","0","0","0","0","0","0","3","29","NJ00910","3","2","0","12","607","9","62778","1","N","0","67518","UNION CITY              ","N J","NA"
"3","29","NJ00912","3","2","1","12","16","3","10","1","38","1","45","2","0","0","0","0","0","0","0","0","0","0","0","0","0","0","0","0","0","0","0","0","0","0","0","0","0","0","0","0","0","0","0","0","3","29","NJ00912","3","2","0","12","607","9","66612","1","N","0","50507","WEST NEW YORK           ","N J","NA"
"3","29","NJ01107","4","2","1","12","16","3","39","1","42","1","48","2","0","0","0","0","0","0","0","0","0","0","0","0","0","0","0","0","0","0","0","0","0","0","0","0","0","0","0","0","0","0","0","0","3","29","NJ01107","4","2","0","12","901","11","33570","1","N","0","33483","LAWRENCE TOWNSHIP       ","N J","NA"
"3","29","NJ01107","4","2","4","12","16","3","35","1","36","1","45","2","0","0","0","0","0","0","0","0","0","0","0","0","0","0","0","0","0","0","0","0","0","0","0","0","0","0","0","0","0","0","0","0","3","29","NJ01107","4","2","0","12","901","11","33570","1","N","0","33483","LAWRENCE TOWNSHIP       ","N J","NA"
"3","29","NJ01107","4","2","7","12","16","3","37","1","40","1","48","2","0","0","0","0","0","0","0","0","0","0","0","0","0","0","0","0","0","0","0","0","0","0","0","0","0","0","0","0","0","0","0","0","3","29","NJ01107","4","2","0","12","901","11","33570","1","N","0","33483","LAWRENCE TOWNSHIP       ","N J","NA"
"3","29","NJ01107","4","2","9","12","16","4","38","1","39","1","45","1","48","1","0","0","0","0","0","0","0","0","0","0","0","0","0","0","0","0","0","0","0","0","0","0","0","0","0","0","0","0","0","0","3","29","NJ01107","4","2","0","12","901","11","33570","1","N","0","33483","LAWRENCE TOWNSHIP       ","N J","NA"
"3","29","NJ01107","4","2","10","12","16","2","39","1","48","1","0","0","0","0","0","0","0","0","0","0","0","0","0","0","0","0","0","0","0","0","0","0","0","0","0","0","0","0","0","0","0","0","0","0","3","29","NJ01107","4","2","0","12","901","11","33570","1","N","0","33483","LAWRENCE TOWNSHIP       ","N J","NA"
"3","29","NJ01111","3","2","2","12","16","9","11","1","12","1","13","1","14","2","15","3","18","1","20","1","45","4","46","6","0","0","0","0","0","0","0","0","0","0","0","0","0","0","0","0","0","0","0","0","3","29","NJ01111","3","2","0","12","901","11","62118","0","Y","0","85317","TRENTON                 ","N J","NA"
"3","29","NJ01111","3","2","7","12","16","7","16","1","17","1","36","3","37","1","38","2","39","1","45","9","0","0","0","0","0","0","0","0","0","0","0","0","0","0","0","0","0","0","0","0","0","0","0","0","3","29","NJ01111","3","2","0","12","901","11","62118","0","Y","0","85317","TRENTON                 ","N J","NA"
"3","29","NJ01111","3","2","9","12","16","5","36","2","38","1","39","1","45","2","46","2","0","0","0","0","0","0","0","0","0","0","0","0","0","0","0","0","0","0","0","0","0","0","0","0","0","0","0","0","3","29","NJ01111","3","2","0","12","901","11","62118","0","Y","0","85317","TRENTON                 ","N J","NA"
"3","29","NJ01204","4","2","3","12","16","4","16","1","29","1","45","1","46","1","0","0","0","0","0","0","0","0","0","0","0","0","0","0","0","0","0","0","0","0","0","0","0","0","0","0","0","0","0","0","3","29","NJ01204","4","2","0","12","607","12","17358","1","N","0","48009","EAST BRUNSWICK TOWNSHIP ","N J","NA"
"3","29","NJ01204","4","2","10","12","16","2","36","1","45","1","0","0","0","0","0","0","0","0","0","0","0","0","0","0","0","0","0","0","0","0","0","0","0","0","0","0","0","0","0","0","0","0","0","0","3","29","NJ01204","4","2","0","12","607","12","17358","1","N","0","48009","EAST BRUNSWICK TOWNSHIP ","N J","NA"
"3","29","NJ01205","2","2","9","12","16","5","14","1","34","1","36","1","45","2","46","1","0","0","0","0","0","0","0","0","0","0","0","0","0","0","0","0","0","0","0","0","0","0","0","0","0","0","0","0","3","29","NJ01205","2","2","0","12","607","12","18186","0","N","0","101007","EDISON TOWNSHIP         ","N J","NA"
"3","29","NJ01205","2","2","10","12","16","8","14","1","17","3","37","1","38","4","39","3","45","8","46","2","48","2","0","0","0","0","0","0","0","0","0","0","0","0","0","0","0","0","0","0","0","0","0","0","3","29","NJ01205","2","2","0","12","607","12","18186","0","N","0","101007","EDISON TOWNSHIP         ","N J","NA"
"3","29","NJ01214","3","2","1","12","16","3","14","1","17","1","45","2","0","0","0","0","0","0","0","0","0","0","0","0","0","0","0","0","0","0","0","0","0","0","0","0","0","0","0","0","0","0","0","0","3","29","NJ01214","3","2","0","12","607","12","42990","0","Y","0","55717","NEW BRUNSWICK           ","N J","NA"
"3","29","NJ01217","3","2","8","12","16","2","34","1","45","1","0","0","0","0","0","0","0","0","0","0","0","0","0","0","0","0","0","0","0","0","0","0","0","0","0","0","0","0","0","0","0","0","0","0","3","29","NJ01217","3","2","0","12","607","12","49290","1","N","0","56593","PISCATAWAY TOWNSHIP     ","N J","NA"
"3","29","NJ01218","5","2","2","12","16","4","16","1","35","1","46","1","48","1","0","0","0","0","0","0","0","0","0","0","0","0","0","0","0","0","0","0","0","0","0","0","0","0","0","0","0","0","0","0","3","29","NJ01218","5","2","0","12","607","12","49470","1","N","0","23240","PLAINSBORO TOWNSHIP     ","N J","NA"
"3","29","NJ01221","4","2","5","12","16","6","15","1","29","1","36","4","43","1","45","5","46","2","0","0","0","0","0","0","0","0","0","0","0","0","0","0","0","0","0","0","0","0","0","0","0","0","0","0","3","29","NJ01221","4","2","0","12","607","12","58056","1","N","0","43875","SOUTH BRUNSWICK TOWNSHIP","N J","NA"
"3","29","NJ01225","2","2","2","12","16","4","28","1","31","1","46","1","50","1","0","0","0","0","0","0","0","0","0","0","0","0","0","0","0","0","0","0","0","0","0","0","0","0","0","0","0","0","0","0","3","29","NJ01225","2","2","0","12","607","12","68562","0","N","0","100612","WOODBRIDGE TOWNSHIP     ","N J","NA"
"3","29","NJ01225","2","2","3","12","16","2","36","2","45","2","0","0","0","0","0","0","0","0","0","0","0","0","0","0","0","0","0","0","0","0","0","0","0","0","0","0","0","0","0","0","0","0","0","0","3","29","NJ01225","2","2","0","12","607","12","68562","0","N","0","100612","WOODBRIDGE TOWNSHIP     ","N J","NA"
"3","29","NJ01225","2","2","4","12","16","7","31","1","36","1","37","1","38","1","45","1","46","2","48","1","0","0","0","0","0","0","0","0","0","0","0","0","0","0","0","0","0","0","0","0","0","0","0","0","3","29","NJ01225","2","2","0","12","607","12","68562","0","N","0","100612","WOODBRIDGE TOWNSHIP     ","N J","NA"
"3","29","NJ01225","2","2","5","12","16","5","33","1","36","1","38","1","45","1","46","2","0","0","0","0","0","0","0","0","0","0","0","0","0","0","0","0","0","0","0","0","0","0","0","0","0","0","0","0","3","29","NJ01225","2","2","0","12","607","12","68562","0","N","0","100612","WOODBRIDGE TOWNSHIP     ","N J","NA"
"3","29","NJ01225","2","2","6","12","16","8","9","1","14","1","15","1","29","1","35","1","38","1","45","5","46","1","0","0","0","0","0","0","0","0","0","0","0","0","0","0","0","0","0","0","0","0","0","0","3","29","NJ01225","2","2","0","12","607","12","68562","0","N","0","100612","WOODBRIDGE TOWNSHIP     ","N J","NA"
"3","29","NJ01225","2","2","7","12","16","2","35","1","46","1","0","0","0","0","0","0","0","0","0","0","0","0","0","0","0","0","0","0","0","0","0","0","0","0","0","0","0","0","0","0","0","0","0","0","3","29","NJ01225","2","2","0","12","607","12","68562","0","N","0","100612","WOODBRIDGE TOWNSHIP     ","N J","NA"
"3","29","NJ01225","2","2","8","12","16","2","36","1","45","1","0","0","0","0","0","0","0","0","0","0","0","0","0","0","0","0","0","0","0","0","0","0","0","0","0","0","0","0","0","0","0","0","0","0","3","29","NJ01225","2","2","0","12","607","12","68562","0","N","0","100612","WOODBRIDGE TOWNSHIP     ","N J","NA"
"3","29","NJ01225","2","2","9","12","16","4","35","1","38","1","45","1","46","1","0","0","0","0","0","0","0","0","0","0","0","0","0","0","0","0","0","0","0","0","0","0","0","0","0","0","0","0","0","0","3","29","NJ01225","2","2","0","12","607","12","68562","0","N","0","100612","WOODBRIDGE TOWNSHIP     ","N J","NA"
"3","29","NJ01225","2","2","10","12","16","3","36","1","39","1","45","2","0","0","0","0","0","0","0","0","0","0","0","0","0","0","0","0","0","0","0","0","0","0","0","0","0","0","0","0","0","0","0","0","3","29","NJ01225","2","2","0","12","607","12","68562","0","N","0","100612","WOODBRIDGE TOWNSHIP     ","N J","NA"
"3","29","NJ01225","2","2","11","12","16","2","36","1","45","1","0","0","0","0","0","0","0","0","0","0","0","0","0","0","0","0","0","0","0","0","0","0","0","0","0","0","0","0","0","0","0","0","0","0","3","29","NJ01225","2","2","0","12","607","12","68562","0","N","0","100612","WOODBRIDGE TOWNSHIP     ","N J","NA"
"3","29","NJ01230","7","2","3","12","16","4","15","1","40","1","45","1","46","1","0","0","0","0","0","0","0","0","0","0","0","0","0","0","0","0","0","0","0","0","0","0","0","0","0","0","0","0","0","0","3","29","NJ01230","7","2","0","12","607","12","98574","1","N","0","0","RUTGERS UN: NEW BRUNSWCK","N J","NA"
"3","29","NJ01303","5","2","1","12","16","2","17","1","45","1","0","0","0","0","0","0","0","0","0","0","0","0","0","0","0","0","0","0","0","0","0","0","0","0","0","0","0","0","0","0","0","0","0","0","3","29","NJ01303","5","2","0","12","607","13","2028","1","N","0","16211","ASBURY PARK             ","N J","NA"
"3","29","NJ01303","5","2","6","12","16","2","40","1","45","1","0","0","0","0","0","0","0","0","0","0","0","0","0","0","0","0","0","0","0","0","0","0","0","0","0","0","0","0","0","0","0","0","0","0","3","29","NJ01303","5","2","0","12","607","13","2028","1","N","0","16211","ASBURY PARK             ","N J","NA"
"3","29","NJ01303","5","2","9","12","16","3","16","1","39","1","45","2","0","0","0","0","0","0","0","0","0","0","0","0","0","0","0","0","0","0","0","0","0","0","0","0","0","0","0","0","0","0","0","0","3","29","NJ01303","5","2","0","12","607","13","2028","1","N","0","16211","ASBURY PARK             ","N J","NA"
"3","29","NJ01307","6","2","9","12","16","2","10","1","45","1","0","0","0","0","0","0","0","0","0","0","0","0","0","0","0","0","0","0","0","0","0","0","0","0","0","0","0","0","0","0","0","0","0","0","3","29","NJ01307","6","2","0","12","607","13","4344","1","N","0","5829","BELMAR                  ","N J","NA"
"3","29","NJ01322","6","2","3","12","16","3","14","1","37","1","45","2","0","0","0","0","0","0","0","0","0","0","0","0","0","0","0","0","0","0","0","0","0","0","0","0","0","0","0","0","0","0","0","0","3","29","NJ01322","6","2","0","12","607","13","31512","1","N","0","7283","KEYPORT                 ","N J","NA"
"3","29","NJ01322","6","2","5","12","16","2","8","1","45","1","0","0","0","0","0","0","0","0","0","0","0","0","0","0","0","0","0","0","0","0","0","0","0","0","0","0","0","0","0","0","0","0","0","0","3","29","NJ01322","6","2","0","12","607","13","31512","1","N","0","7283","KEYPORT                 ","N J","NA"
"3","29","NJ01328","4","2","4","12","16","3","38","1","41","1","48","2","0","0","0","0","0","0","0","0","0","0","0","0","0","0","0","0","0","0","0","0","0","0","0","0","0","0","0","0","0","0","0","0","3","29","NJ01328","4","2","0","12","607","13","37572","1","N","0","40430","MARLBORO TOWNSHIP       ","N J","NA"
"3","29","NJ01328","4","2","11","12","16","4","39","1","40","2","41","2","48","5","0","0","0","0","0","0","0","0","0","0","0","0","0","0","0","0","0","0","0","0","0","0","0","0","0","0","0","0","0","0","3","29","NJ01328","4","2","0","12","607","13","37572","1","N","0","40430","MARLBORO TOWNSHIP       ","N J","NA"
"3","29","NJ01331","3","2","3","12","16","2","17","1","45","1","0","0","0","0","0","0","0","0","0","0","0","0","0","0","0","0","0","0","0","0","0","0","0","0","0","0","0","0","0","0","0","0","0","0","3","29","NJ01331","3","2","0","12","607","13","39540","1","N","0","66919","MIDDLETOWN TOWNSHIP     ","N J","NA"
"3","29","NJ01334","4","2","1","12","16","2","5","1","49","1","0","0","0","0","0","0","0","0","0","0","0","0","0","0","0","0","0","0","0","0","0","0","0","0","0","0","0","0","0","0","0","0","0","0","3","29","NJ01334","4","2","0","12","607","13","42702","1","N","0","28101","NEPTUNE TOWNSHIP        ","N J","NA"
"3","29","NJ01337","4","2","3","12","16","4","18","1","37","1","45","1","48","1","0","0","0","0","0","0","0","0","0","0","0","0","0","0","0","0","0","0","0","0","0","0","0","0","0","0","0","0","0","0","3","29","NJ01337","4","2","0","12","607","13","45636","1","N","0","27454","OCEAN TOWNSHIP          ","N J","NA"
"3","29","NJ01340","5","2","5","12","16","4","15","1","30","1","31","1","45","3","0","0","0","0","0","0","0","0","0","0","0","0","0","0","0","0","0","0","0","0","0","0","0","0","0","0","0","0","0","0","3","29","NJ01340","5","2","0","12","607","13","51594","1","N","0","12278","RED BANK                ","N J","NA"
"3","29","NJ01340","5","2","8","12","16","3","18","1","39","1","45","2","0","0","0","0","0","0","0","0","0","0","0","0","0","0","0","0","0","0","0","0","0","0","0","0","0","0","0","0","0","0","0","0","3","29","NJ01340","5","2","0","12","607","13","51594","1","N","0","12278","RED BANK                ","N J","NA"
"3","29","NJ01343","7","2","1","12","16","2","37","1","45","1","0","0","0","0","0","0","0","0","0","0","0","0","0","0","0","0","0","0","0","0","0","0","0","0","0","0","0","0","0","0","0","0","0","0","3","29","NJ01343","7","2","0","12","607","13","55920","1","N","0","1421","SEA BRIGHT              ","N J","NA"
"3","29","NJ01403","6","2","1","12","16","3","17","1","42","2","45","3","0","0","0","0","0","0","0","0","0","0","0","0","0","0","0","0","0","0","0","0","0","0","0","0","0","0","0","0","0","0","0","0","3","29","NJ01403","6","2","0","12","605","14","8106","1","N","0","7619","BUTLER                  ","N J","NA"
"3","29","NJ01408","5","2","1","12","16","4","14","1","18","1","36","1","45","3","0","0","0","0","0","0","0","0","0","0","0","0","0","0","0","0","0","0","0","0","0","0","0","0","0","0","0","0","0","0","3","29","NJ01408","5","2","0","12","605","14","15832","1","N","0","16809","DENVILLE TOWNSHIP       ","N J","NA"
"3","29","NJ01412","5","2","12","12","16","2","36","1","45","1","0","0","0","0","0","0","0","0","0","0","0","0","0","0","0","0","0","0","0","0","0","0","0","0","0","0","0","0","0","0","0","0","0","0","3","29","NJ01412","5","2","0","12","605","14","26112","1","N","0","13857","HANOVER TOWNSHIP        ","N J","NA"
"3","29","NJ01422","5","2","7","12","16","3","17","1","36","1","45","2","0","0","0","0","0","0","0","0","0","0","0","0","0","0","0","0","0","0","0","0","0","0","0","0","0","0","0","0","0","0","0","0","3","29","NJ01422","5","2","0","12","605","14","41286","1","N","0","22534","MORRIS TOWNSHIP         ","N J","NA"
"3","29","NJ01423","6","2","9","12","16","2","41","1","48","1","0","0","0","0","0","0","0","0","0","0","0","0","0","0","0","0","0","0","0","0","0","0","0","0","0","0","0","0","0","0","0","0","0","0","3","29","NJ01423","6","2","0","12","605","14","41262","1","N","0","5588","MORRIS PLAINS           ","N J","NA"
"3","29","NJ01429","3","2","5","12","16","2","14","1","45","1","0","0","0","0","0","0","0","0","0","0","0","0","0","0","0","0","0","0","0","0","0","0","0","0","0","0","0","0","0","0","0","0","0","0","3","29","NJ01429","3","2","0","12","605","14","47712","1","N","0","53793","PARSIPPANY-TROY HILLS TW","N J","NA"
"3","29","NJ01431","5","2","1","12","16","2","40","1","45","1","0","0","0","0","0","0","0","0","0","0","0","0","0","0","0","0","0","0","0","0","0","0","0","0","0","0","0","0","0","0","0","0","0","0","3","29","NJ01431","5","2","0","12","605","14","48420","1","N","0","15703","PEQUANNOCK TOWNSHIP     ","N J","NA"
"3","29","NJ01507","3","2","10","12","16","2","34","1","45","1","0","0","0","0","0","0","0","0","0","0","0","0","0","0","0","0","0","0","0","0","0","0","0","0","0","0","0","0","0","0","0","0","0","0","3","29","NJ01507","3","2","0","12","607","15","61815","1","N","0","92131","TOMS RIVER TOWNSHIP     ","N J","NA"
"3","29","NJ01514","3","2","1","12","16","3","16","1","39","1","45","2","0","0","0","0","0","0","0","0","0","0","0","0","0","0","0","0","0","0","0","0","0","0","0","0","0","0","0","0","0","0","0","0","3","29","NJ01514","3","2","0","12","607","15","32871","0","Y","0","93742","LAKEWOOD TOWNSHIP       ","N J","NA"
"3","29","NJ01514","3","2","7","12","16","3","14","3","37","1","45","4","0","0","0","0","0","0","0","0","0","0","0","0","0","0","0","0","0","0","0","0","0","0","0","0","0","0","0","0","0","0","0","0","3","29","NJ01514","3","2","0","12","607","15","32871","0","Y","0","93742","LAKEWOOD TOWNSHIP       ","N J","NA"
"3","29","NJ01514","3","2","8","12","16","4","18","1","36","1","37","1","45","3","0","0","0","0","0","0","0","0","0","0","0","0","0","0","0","0","0","0","0","0","0","0","0","0","0","0","0","0","0","0","3","29","NJ01514","3","2","0","12","607","15","32871","0","Y","0","93742","LAKEWOOD TOWNSHIP       ","N J","NA"
"3","29","NJ01526","6","2","9","12","16","2","36","1","45","1","0","0","0","0","0","0","0","0","0","0","0","0","0","0","0","0","0","0","0","0","0","0","0","0","0","0","0","0","0","0","0","0","0","0","3","29","NJ01526","6","2","0","12","607","15","56034","1","N","0","2915","SEASIDE HEIGHTS         ","N J","NA"
"3","29","NJ01600","9D","2","1","12","16","3","5","2","6","1","49","3","0","0","0","0","0","0","0","0","0","0","0","0","0","0","0","0","0","0","0","0","0","0","0","0","0","0","0","0","0","0","0","0","3","29","NJ01600","9D","2","0","12","607","16","81883","1","N","0","0","PASSAIC                 ","N J","NA"
"3","29","NJ01600","9D","2","4","12","16","6","36","2","37","3","39","1","40","1","45","5","46","2","0","0","0","0","0","0","0","0","0","0","0","0","0","0","0","0","0","0","0","0","0","0","0","0","0","0","3","29","NJ01600","9D","2","0","12","607","16","81883","1","N","0","0","PASSAIC                 ","N J","NA"
"3","29","NJ01602","3","2","1","12","16","3","14","1","39","1","45","2","0","0","0","0","0","0","0","0","0","0","0","0","0","0","0","0","0","0","0","0","0","0","0","0","0","0","0","0","0","0","0","0","3","29","NJ01602","3","2","0","12","607","16","11922","1","N","0","84684","CLIFTON         ","N J","NA"
"3","29","NJ01602","3","2","2","12","16","3","12","1","13","1","45","2","0","0","0","0","0","0","0","0","0","0","0","0","0","0","0","0","0","0","0","0","0","0","0","0","0","0","0","0","0","0","0","0","3","29","NJ01602","3","2","0","12","607","16","11922","1","N","0","84684","CLIFTON         ","N J","NA"
"3","29","NJ01602","3","2","7","12","16","3","37","1","39","1","46","2","0","0","0","0","0","0","0","0","0","0","0","0","0","0","0","0","0","0","0","0","0","0","0","0","0","0","0","0","0","0","0","0","3","29","NJ01602","3","2","0","12","607","16","11922","1","N","0","84684","CLIFTON         ","N J","NA"
"3","29","NJ01602","3","2","10","12","16","4","8","1","12","2","15","1","45","4","0","0","0","0","0","0","0","0","0","0","0","0","0","0","0","0","0","0","0","0","0","0","0","0","0","0","0","0","0","0","3","29","NJ01602","3","2","0","12","607","16","11922","1","N","0","84684","CLIFTON         ","N J","NA"
"3","29","NJ01602","3","2","11","12","16","3","36","2","37","1","46","3","0","0","0","0","0","0","0","0","0","0","0","0","0","0","0","0","0","0","0","0","0","0","0","0","0","0","0","0","0","0","0","0","3","29","NJ01602","3","2","0","12","607","16","11922","1","N","0","84684","CLIFTON         ","N J","NA"
"3","29","NJ01604","5","2","5","12","16","2","39","1","48","1","0","0","0","0","0","0","0","0","0","0","0","0","0","0","0","0","0","0","0","0","0","0","0","0","0","0","0","0","0","0","0","0","0","0","3","29","NJ01604","5","2","0","12","607","16","26844","1","N","0","18914","HAWTHORNE               ","N J","NA"
"3","29","NJ01607","3","2","4","12","16","5","39","3","40","1","42","1","45","4","48","1","0","0","0","0","0","0","0","0","0","0","0","0","0","0","0","0","0","0","0","0","0","0","0","0","0","0","0","0","3","29","NJ01607","3","2","0","12","607","16","47778","1","N","0","70237","PASSAIC                 ","N J","NA"
"3","29","NJ01607","3","2","9","12","16","7","19","1","36","1","39","1","40","1","41","1","45","1","48","4","0","0","0","0","0","0","0","0","0","0","0","0","0","0","0","0","0","0","0","0","0","0","0","0","3","29","NJ01607","3","2","0","12","607","16","47778","1","N","0","70237","PASSAIC                 ","N J","NA"
"3","29","NJ01607","3","2","10","12","16","2","41","1","45","1","0","0","0","0","0","0","0","0","0","0","0","0","0","0","0","0","0","0","0","0","0","0","0","0","0","0","0","0","0","0","0","0","0","0","3","29","NJ01607","3","2","0","12","607","16","47778","1","N","0","70237","PASSAIC                 ","N J","NA"
"3","29","NJ01607","3","2","11","12","16","8","20","1","37","1","38","1","39","1","41","1","43","1","45","2","48","4","0","0","0","0","0","0","0","0","0","0","0","0","0","0","0","0","0","0","0","0","0","0","3","29","NJ01607","3","2","0","12","607","16","47778","1","N","0","70237","PASSAIC                 ","N J","NA"
"3","29","NJ01608","2","2","2","12","16","12","5","3","18","1","19","1","36","2","37","4","38","1","39","3","40","2","45","10","46","4","49","2","50","1","0","0","0","0","0","0","0","0","0","0","0","0","0","0","3","29","NJ01608","2","2","0","12","607","16","47814","0","N","0","147148","PATERSON                ","N J","NA"
"3","29","NJ01608","2","2","4","12","16","5","36","2","37","2","41","1","45","3","48","2","0","0","0","0","0","0","0","0","0","0","0","0","0","0","0","0","0","0","0","0","0","0","0","0","0","0","0","0","3","29","NJ01608","2","2","0","12","607","16","47814","0","N","0","147148","PATERSON                ","N J","NA"
"3","29","NJ01608","2","2","5","12","16","3","39","1","40","1","45","2","0","0","0","0","0","0","0","0","0","0","0","0","0","0","0","0","0","0","0","0","0","0","0","0","0","0","0","0","0","0","0","0","3","29","NJ01608","2","2","0","12","607","16","47814","0","N","0","147148","PATERSON                ","N J","NA"
"3","29","NJ01608","2","2","7","12","16","2","38","1","45","1","0","0","0","0","0","0","0","0","0","0","0","0","0","0","0","0","0","0","0","0","0","0","0","0","0","0","0","0","0","0","0","0","0","0","3","29","NJ01608","2","2","0","12","607","16","47814","0","N","0","147148","PATERSON                ","N J","NA"
"3","29","NJ01608","2","2","8","12","16","8","33","1","36","1","37","1","38","1","39","2","40","1","45","3","46","4","0","0","0","0","0","0","0","0","0","0","0","0","0","0","0","0","0","0","0","0","0","0","3","29","NJ01608","2","2","0","12","607","16","47814","0","N","0","147148","PATERSON                ","N J","NA"
"3","29","NJ01608","2","2","9","12","16","7","14","1","33","1","35","1","36","2","37","2","45","6","46","1","0","0","0","0","0","0","0","0","0","0","0","0","0","0","0","0","0","0","0","0","0","0","0","0","3","29","NJ01608","2","2","0","12","607","16","47814","0","N","0","147148","PATERSON                ","N J","NA"
"3","29","NJ01608","2","2","10","12","16","4","39","3","40","2","45","1","48","4","0","0","0","0","0","0","0","0","0","0","0","0","0","0","0","0","0","0","0","0","0","0","0","0","0","0","0","0","0","0","3","29","NJ01608","2","2","0","12","607","16","47814","0","N","0","147148","PATERSON                ","N J","NA"
"3","29","NJ01615","4","2","8","12","16","2","8","1","45","1","0","0","0","0","0","0","0","0","0","0","0","0","0","0","0","0","0","0","0","0","0","0","0","0","0","0","0","0","0","0","0","0","0","0","3","29","NJ01615","4","2","0","12","607","16","66516","1","N","0","26019","WEST MILFORD TOWNSHIP   ","N J","NA"
"3","29","NJ01804","5","2","4","12","16","4","22","1","36","1","45","1","46","1","0","0","0","0","0","0","0","0","0","0","0","0","0","0","0","0","0","0","0","0","0","0","0","0","0","0","0","0","0","0","3","29","NJ01804","5","2","0","12","605","18","6150","1","N","0","10500","BOUND BROOK             ","N J","NA"
"3","29","NJ01810","4","2","11","12","16","2","3","1","49","1","0","0","0","0","0","0","0","0","0","0","0","0","0","0","0","0","0","0","0","0","0","0","0","0","0","0","0","0","0","0","0","0","0","0","3","29","NJ01810","4","2","0","12","605","18","27810","1","N","0","38665","HILLSBOROUGH TOWNSHIP   ","N J","NA"
"3","29","NJ02004","2","2","1","12","16","6","17","1","18","1","36","1","38","1","45","1","46","3","0","0","0","0","0","0","0","0","0","0","0","0","0","0","0","0","0","0","0","0","0","0","0","0","0","0","3","29","NJ02004","2","2","0","12","605","20","18486","0","N","0","126281","ELIZABETH               ","N J","NA"
"3","29","NJ02004","2","2","2","12","16","6","11","1","30","1","37","1","40","2","45","2","46","3","0","0","0","0","0","0","0","0","0","0","0","0","0","0","0","0","0","0","0","0","0","0","0","0","0","0","3","29","NJ02004","2","2","0","12","605","20","18486","0","N","0","126281","ELIZABETH               ","N J","NA"
"3","29","NJ02004","2","2","3","12","16","6","17","1","30","1","39","1","41","1","45","3","46","1","0","0","0","0","0","0","0","0","0","0","0","0","0","0","0","0","0","0","0","0","0","0","0","0","0","0","3","29","NJ02004","2","2","0","12","605","20","18486","0","N","0","126281","ELIZABETH               ","N J","NA"
"3","29","NJ02004","2","2","4","12","16","7","18","1","36","1","37","1","38","1","39","1","45","4","46","1","0","0","0","0","0","0","0","0","0","0","0","0","0","0","0","0","0","0","0","0","0","0","0","0","3","29","NJ02004","2","2","0","12","605","20","18486","0","N","0","126281","ELIZABETH               ","N J","NA"
"3","29","NJ02004","2","2","5","12","16","6","12","1","16","1","32","1","37","1","39","1","46","5","0","0","0","0","0","0","0","0","0","0","0","0","0","0","0","0","0","0","0","0","0","0","0","0","0","0","3","29","NJ02004","2","2","0","12","605","20","18486","0","N","0","126281","ELIZABETH               ","N J","NA"
"3","29","NJ02004","2","2","6","12","16","7","15","1","16","1","36","1","38","1","39","1","45","3","46","2","0","0","0","0","0","0","0","0","0","0","0","0","0","0","0","0","0","0","0","0","0","0","0","0","3","29","NJ02004","2","2","0","12","605","20","18486","0","N","0","126281","ELIZABETH               ","N J","NA"
"3","29","NJ02004","2","2","7","12","16","4","12","1","38","1","45","1","46","1","0","0","0","0","0","0","0","0","0","0","0","0","0","0","0","0","0","0","0","0","0","0","0","0","0","0","0","0","0","0","3","29","NJ02004","2","2","0","12","605","20","18486","0","N","0","126281","ELIZABETH               ","N J","NA"
"3","29","NJ02004","2","2","8","12","16","9","12","1","13","1","19","1","31","1","35","1","37","3","40","1","45","3","46","6","0","0","0","0","0","0","0","0","0","0","0","0","0","0","0","0","0","0","0","0","3","29","NJ02004","2","2","0","12","605","20","18486","0","N","0","126281","ELIZABETH               ","N J","NA"
"3","29","NJ02004","2","2","9","12","16","3","30","1","35","1","46","2","0","0","0","0","0","0","0","0","0","0","0","0","0","0","0","0","0","0","0","0","0","0","0","0","0","0","0","0","0","0","0","0","3","29","NJ02004","2","2","0","12","605","20","18486","0","N","0","126281","ELIZABETH               ","N J","NA"
"3","29","NJ02004","2","2","10","12","16","10","10","1","17","1","30","2","31","1","33","1","34","1","36","2","39","2","45","6","46","5","0","0","0","0","0","0","0","0","0","0","0","0","0","0","0","0","0","0","3","29","NJ02004","2","2","0","12","605","20","18486","0","N","0","126281","ELIZABETH               ","N J","NA"
"3","29","NJ02004","2","2","11","12","16","7","14","1","17","2","30","3","32","1","36","1","45","5","46","3","0","0","0","0","0","0","0","0","0","0","0","0","0","0","0","0","0","0","0","0","0","0","0","0","3","29","NJ02004","2","2","0","12","605","20","18486","0","N","0","126281","ELIZABETH               ","N J","NA"
"3","29","NJ02004","2","2","12","12","16","3","31","1","33","1","46","2","0","0","0","0","0","0","0","0","0","0","0","0","0","0","0","0","0","0","0","0","0","0","0","0","0","0","0","0","0","0","0","0","3","29","NJ02004","2","2","0","12","605","20","18486","0","N","0","126281","ELIZABETH               ","N J","NA"
"3","29","NJ02012","3","2","1","12","16","2","40","1","46","1","0","0","0","0","0","0","0","0","0","0","0","0","0","0","0","0","0","0","0","0","0","0","0","0","0","0","0","0","0","0","0","0","0","0","3","29","NJ02012","3","2","0","12","605","20","49446","1","N","0","50332","PLAINFIELD              ","N J","NA"
"3","29","NJ02012","3","2","2","12","16","2","36","1","46","1","0","0","0","0","0","0","0","0","0","0","0","0","0","0","0","0","0","0","0","0","0","0","0","0","0","0","0","0","0","0","0","0","0","0","3","29","NJ02012","3","2","0","12","605","20","49446","1","N","0","50332","PLAINFIELD              ","N J","NA"
"3","29","NJ02012","3","2","3","12","16","2","36","1","45","1","0","0","0","0","0","0","0","0","0","0","0","0","0","0","0","0","0","0","0","0","0","0","0","0","0","0","0","0","0","0","0","0","0","0","3","29","NJ02012","3","2","0","12","605","20","49446","1","N","0","50332","PLAINFIELD              ","N J","NA"
"3","29","NJ02012","3","2","6","12","16","3","38","1","40","1","45","2","0","0","0","0","0","0","0","0","0","0","0","0","0","0","0","0","0","0","0","0","0","0","0","0","0","0","0","0","0","0","0","0","3","29","NJ02012","3","2","0","12","605","20","49446","1","N","0","50332","PLAINFIELD              ","N J","NA"
"3","29","NJ02012","3","2","8","12","16","5","17","1","38","1","41","1","45","1","46","2","0","0","0","0","0","0","0","0","0","0","0","0","0","0","0","0","0","0","0","0","0","0","0","0","0","0","0","0","3","29","NJ02012","3","2","0","12","605","20","49446","1","N","0","50332","PLAINFIELD              ","N J","NA"
"3","29","NJ02012","3","2","9","12","16","6","36","1","39","1","40","3","41","1","45","3","46","3","0","0","0","0","0","0","0","0","0","0","0","0","0","0","0","0","0","0","0","0","0","0","0","0","0","0","3","29","NJ02012","3","2","0","12","605","20","49446","1","N","0","50332","PLAINFIELD              ","N J","NA"
"3","29","NJ02012","3","2","10","12","16","6","17","1","36","2","39","1","40","1","41","1","46","6","0","0","0","0","0","0","0","0","0","0","0","0","0","0","0","0","0","0","0","0","0","0","0","0","0","0","3","29","NJ02012","3","2","0","12","605","20","49446","1","N","0","50332","PLAINFIELD              ","N J","NA"
"3","29","NJ02012","3","2","11","12","16","3","38","1","39","2","46","3","0","0","0","0","0","0","0","0","0","0","0","0","0","0","0","0","0","0","0","0","0","0","0","0","0","0","0","0","0","0","0","0","3","29","NJ02012","3","2","0","12","605","20","49446","1","N","0","50332","PLAINFIELD              ","N J","NA"